,GeoUID,Shape.Area,name,Adjusted.Population..previous.Census.,PR_UID,Type,Region.Name,Area..sq.km.,Population,Dwellings,Households,LowIncome,LowIncPercent,Aboriginal,AborigPercent,VisMinority,VisMinorityPercent
1,1001,10011.39881,Division No.  1 (CDR),262410,10,CD,Division No.  1 (CDR),10011.39881,270348,131336,112620,13.3,5.0684E-05,7760,0.029572044,9130,0.034792881
2,1002,6586.33501,Division No.  2 (CDR),21351,10,CD,Division No.  2 (CDR),6586.33501,20372,11497,8737,17,0.000796216,330,0.015455951,135,0.006322889
3,1003,22335.72177,Division No.  3 (CDR),16306,10,CD,Division No.  3 (CDR),22335.72177,15560,8289,6773,19.6,0.001202012,1775,0.108855636,85,0.005212805
4,1004,7454.21714,Division No.  4 (CDR),20840,10,CD,Division No.  4 (CDR),7454.21714,20387,11338,9345,28.8,0.001381958,7975,0.382677543,130,0.006238004
5,1005,11498.15263,Division No.  5 (CDR),41004,10,CD,Division No.  5 (CDR),11498.15263,42014,20924,17890,15.6,0.000380451,9595,0.234001561,450,0.010974539
6,1006,17743.83803,Division No.  6 (CDR),37304,10,CD,Division No.  6 (CDR),17743.83803,38345,19296,16434,16.9,0.000453035,2365,0.063398027,510,0.013671456
7,1007,10652.04185,Division No.  7 (CDR),34686,10,CD,Division No.  7 (CDR),10652.04185,34092,20097,14571,17.8,0.000513175,820,0.023640662,225,0.006486767
8,1008,10118.92135,Division No.  8 (CDR),37121,10,CD,Division No.  8 (CDR),10118.92135,35794,21913,15587,22,0.000592656,1350,0.036367555,175,0.004714313
9,1009,14838.08664,Division No.  9 (CDR),16786,10,CD,Division No.  9 (CDR),14838.08664,15607,9346,6689,16.5,0.000982962,2005,0.119444775,180,0.010723222
10,1010,223204.1149,Division No. 10 (CDR),24111,10,CD,Division No. 10 (CDR),223204.1149,24639,10758,9193,7.2,0.000298619,9400,0.389863548,790,0.032765128
11,1011,72554.31268,Division No. 11 (CDR),2617,10,CD,Division No. 11 (CDR),72554.31268,2558,945,834,21.3,0.008139091,2350,0.89797478,0,0
12,1101,1737.73233,Kings (CTY),17990,11,CD,Kings (CTY),1737.73233,17160,10026,7222,17.7,0.00098388,345,0.019177321,200,0.011117287
13,1102,2120.18013,Queens (CTY),77866,11,CD,Queens (CTY),2120.18013,82017,39399,33975,16.7,0.000214471,1520,0.019520715,5635,0.072367914
14,1103,2035.38201,Prince (CTY),44348,11,CD,Prince (CTY),2035.38201,43730,21694,18275,16.8,0.000378822,870,0.01961757,810,0.018264634
15,1201,2622.20937,Shelburne (CTY),14496,12,CD,Shelburne (CTY),2622.20937,13966,7765,6378,19,0.001310706,1435,0.098992826,305,0.021040287
16,1202,2343.35288,Yarmouth (CTY),25275,12,CD,Yarmouth (CTY),2343.35288,24419,12342,10798,19.8,0.000783383,4585,0.18140455,780,0.030860534
17,1203,2688.85767,Digby (CTY),18036,12,CD,Digby (CTY),2688.85767,17323,9927,8043,22.6,0.001253049,2010,0.111443779,500,0.027722333
18,1204,2770.18326,Queens (CTY),10960,12,CD,Queens (CTY),2770.18326,10351,6608,4764,24.5,0.002235401,880,0.080291971,200,0.018248175
19,1205,3429.05882,Annapolis (CTY),20756,12,CD,Annapolis (CTY),3429.05882,20591,11391,9377,25.3,0.001218925,1065,0.051310464,340,0.016380806
20,1206,3115.22127,Lunenburg (CTY),47313,12,CD,Lunenburg (CTY),3115.22127,47126,26648,21439,18.8,0.000397354,1605,0.033923023,665,0.014055334
21,1207,2210.26812,Kings (CTY),60589,12,CD,Kings (CTY),2210.26812,60600,29187,25951,18.5,0.000305336,2605,0.042994603,1900,0.031358828
22,1208,3173.20841,Hants (CTY),42304,12,CD,Hants (CTY),3173.20841,42558,19202,17439,15.5,0.000366396,2545,0.060159796,1070,0.025293116
23,1209,5963.13705,Halifax (CTY),390328,12,CD,Halifax (CTY),5963.13705,403390,187478,173459,14.8,3.79168E-05,15815,0.040517206,45290,0.11603062
24,1210,3666.56495,Colchester (CTY),50968,12,CD,Colchester (CTY),3666.56495,50585,25378,22229,18.9,0.000370821,2585,0.050718098,1690,0.03315806
25,1211,4327.68663,Cumberland (CTY),31353,12,CD,Cumberland (CTY),4327.68663,30005,18445,13614,22.8,0.000727203,895,0.028545913,790,0.025196951
26,1212,2902.68709,Pictou (CTY),45643,12,CD,Pictou (CTY),2902.68709,43748,22525,19305,18.8,0.000411892,1610,0.035273755,1220,0.026729181
27,1213,4242.06228,Guysborough (CTY),8143,12,CD,Guysborough (CTY),4242.06228,7625,5190,3549,21.9,0.002689427,460,0.056490237,265,0.032543289
28,1214,1470.41197,Antigonish (CTY),19589,12,CD,Antigonish (CTY),1470.41197,19301,9842,8129,14.1,0.000719792,1650,0.084230946,860,0.04390219
29,1215,3921.68076,Inverness (CTY),17947,12,CD,Inverness (CTY),3921.68076,17235,9876,7351,16.3,0.00090823,1575,0.0877584,210,0.01170112
30,1216,1306.02277,Richmond (CTY),9293,12,CD,Richmond (CTY),1306.02277,8964,5122,3983,18.2,0.001958463,1775,0.191003981,95,0.010222748
31,1217,2596.00633,Cape Breton (CTY),101619,12,CD,Cape Breton (CTY),2596.00633,98722,47205,43081,19.7,0.000193861,7675,0.075527214,2415,0.023765241
32,1218,2894.61801,Victoria (CTY),7115,12,CD,Victoria (CTY),2894.61801,7089,4437,3101,14.2,0.001995784,725,0.1018974,65,0.009135629
33,1301,1561.43262,Saint John (CT),76550,13,CD,Saint John (CT),1561.43262,74020,36825,32852,21.8,0.000284781,1605,0.020966688,4610,0.060222077
34,1302,3537.4947,Charlotte (CT),26549,13,CD,Charlotte (CT),3537.4947,25428,13513,11132,19.5,0.000734491,525,0.019774756,525,0.019774756
35,1303,2751.43489,Sunbury (CT),27143,13,CD,Sunbury (CT),2751.43489,27644,11853,10898,9.5,0.000349998,1440,0.053052352,615,0.022657775
36,1304,3987.78702,Queens (CT),11086,13,CD,Queens (CT),3987.78702,10472,7289,4877,23.3,0.00210175,190,0.017138734,155,0.013981598
37,1305,3681.18677,Kings (CT),69665,13,CD,Kings (CT),3681.18677,68941,29570,27027,12,0.000172253,905,0.012990741,1420,0.020383263
38,1306,1842.47549,Albert (CT),28846,13,CD,Albert (CT),1842.47549,29158,13111,12219,12.3,0.000426402,555,0.019240103,640,0.022186785
39,1307,3730.88498,Westmorland (CT),144158,13,CD,Westmorland (CT),3730.88498,149623,71839,64038,15.8,0.000109602,3605,0.025007284,7140,0.049528989
40,1308,4624.65296,Kent (CT),30833,13,CD,Kent (CT),4624.65296,30475,16251,13236,16.8,0.000544871,3955,0.128271657,290,0.009405507
41,1309,13040.19468,Northumberland (CT),46204,13,CD,Northumberland (CT),13040.19468,44952,21792,19362,18.3,0.00039607,3625,0.078456411,410,0.008873691
42,1310,8390.347,York (CT),97238,13,CD,York (CT),8390.347,99411,46855,42009,16.4,0.000168658,4265,0.043861453,6445,0.066280672
43,1311,3353.83945,Carleton (CT),27019,13,CD,Carleton (CT),3353.83945,26220,11823,10765,19.1,0.00070691,935,0.034605278,525,0.019430771
44,1312,5583.0148,Victoria (CT),19921,13,CD,Victoria (CT),5583.0148,18617,9178,8159,22,0.001104362,1605,0.080568245,115,0.005772803
45,1313,3494.94803,Madawaska (CT),33422,13,CD,Madawaska (CT),3494.94803,32741,15774,14505,18.2,0.000544551,1030,0.030818024,480,0.014361798
46,1314,8675.29468,Restigouche (CT),32594,13,CD,Restigouche (CT),8675.29468,30955,15259,13993,21,0.00064429,2120,0.065042646,395,0.012118795
47,1315,4795.582,Gloucester (CT),79943,13,CD,Gloucester (CT),4795.582,78444,38789,34701,19.5,0.000243924,3025,0.037839461,770,0.009631863
48,2401,238.56838,Les Îles-de-la-Madeleine (Tï¿½),12781,24,CD,Les Îles-de-la-Madeleine (Tï¿½),238.56838,12475,6477,5534,11,0.000860653,220,0.017213051,45,0.003520851
49,2402,3092.78658,Le Rocher-Percé (MRC),17979,24,CD,Le Rocher-Percé (MRC),3092.78658,17282,8969,8022,19.1,0.001062351,2215,0.123199288,90,0.00500584
50,2403,4146.9808,La Côte-de-Gaspé (MRC),17985,24,CD,La Côte-de-Gaspé (MRC),4146.9808,17117,8648,7637,13.7,0.000761746,1940,0.107867668,170,0.009452321
51,2404,5092.29883,La Haute-Gaspésie (MRC),12088,24,CD,La Haute-Gaspésie (MRC),5092.29883,11316,6282,5270,22.8,0.001886168,355,0.029367968,55,0.004549967
52,2405,4406.08023,Bonaventure (MRC),18000,24,CD,Bonaventure (MRC),4406.08023,17660,8744,7898,16.3,0.000905556,1625,0.090277778,90,0.005
53,2406,3575.06781,Avignon (MRC),15246,24,CD,Avignon (MRC),3575.06781,14461,7340,6570,17.1,0.001121606,2385,0.156434475,135,0.008854782
54,2407,5445.45639,La Matapédia (MRC),18573,24,CD,La Matapédia (MRC),5445.45639,17925,9142,8139,20.2,0.0010876,590,0.031766543,55,0.002961288
55,2408,3338.82539,Matane (MRC),21786,24,CD,Matane (MRC),3338.82539,21301,11948,10178,18.7,0.000858349,395,0.01813091,280,0.01285229
56,2409,2334.54738,La Mitis (MRC),18942,24,CD,La Mitis (MRC),2334.54738,18210,9692,8206,18.8,0.000992503,490,0.025868441,90,0.004751346
57,2410,2790.54462,Rimouski-Neigette (MRC),55095,24,CD,Rimouski-Neigette (MRC),2790.54462,56650,28811,26113,13.3,0.000241401,940,0.017061439,820,0.014883383
58,2411,1143.39074,Les Basques (MRC),9142,24,CD,Les Basques (MRC),1143.39074,8694,5185,4065,20.7,0.002264275,135,0.014767009,35,0.003828484
59,2412,1296.60882,Rivière-du-Loup (MRC),34375,24,CD,Rivière-du-Loup (MRC),1296.60882,33958,17019,15155,12.9,0.000375273,350,0.010181818,350,0.010181818
60,2413,4051.61442,Témiscouata (MRC),20572,24,CD,Témiscouata (MRC),4051.61442,19574,10778,8827,17.4,0.00084581,445,0.021631344,90,0.004374878
61,2414,2272.30721,Kamouraska (MRC),21492,24,CD,Kamouraska (MRC),2272.30721,21073,10645,9150,13.5,0.000628141,195,0.009073143,115,0.005350828
62,2415,2397.68517,Charlevoix-Est (MRC),16240,24,CD,Charlevoix-Est (MRC),2397.68517,15509,8707,6980,13.4,0.000825123,495,0.030480296,90,0.005541872
63,2416,3867.52944,Charlevoix (MRC),13338,24,CD,Charlevoix (MRC),3867.52944,12997,7330,5781,11.9,0.000892188,150,0.011246064,95,0.007122507
64,2417,2113.87453,L'Islet (MRC),18517,24,CD,L'Islet (MRC),2113.87453,17798,9924,8023,14.8,0.000799266,160,0.008640709,30,0.001620133
65,2418,1710.04446,Montmagny (MRC),22877,24,CD,Montmagny (MRC),1710.04446,22698,12079,10421,15.9,0.000695021,240,0.010490886,150,0.006556804
66,2419,1765.6323,Bellechasse (MRC),35318,24,CD,Bellechasse (MRC),1765.6323,37233,17740,15625,10.5,0.000297299,320,0.009060536,485,0.013732374
67,2420,192.94887,L'Île-d'Orléans (MRC),6711,24,CD,L'Île-d'Orléans (MRC),192.94887,7082,3703,3040,7.1,0.001057965,45,0.006705409,110,0.016391
68,2421,5028.31803,La Côte-de-Beaupré (MRC),26172,24,CD,La Côte-de-Beaupré (MRC),5028.31803,28199,14244,11851,7.6,0.000290387,215,0.008214886,325,0.012417851
69,2422,3337.69725,La Jacques-Cartier (MRC),36929,24,CD,La Jacques-Cartier (MRC),3337.69725,43485,18401,16332,4.5,0.000121855,715,0.019361477,470,0.012727125
70,2423,557.38063,Québec (Tï¿½),551856,24,CD,Québec (Tï¿½),557.38063,569717,282180,267144,11.8,2.13824E-05,9180,0.016634774,34175,0.061927387
71,2425,455.17739,Lévis (Tï¿½),138769,24,CD,Lévis (Tï¿½),455.17739,143414,62585,60779,7.1,5.11642E-05,1255,0.009043807,3125,0.022519439
72,2426,915.11903,La Nouvelle-Beauce (MRC),35107,24,CD,La Nouvelle-Beauce (MRC),915.11903,36785,15501,14791,8.1,0.000230723,375,0.01068163,465,0.013245222
73,2427,847.08485,Robert-Cliche (MRC),19288,24,CD,Robert-Cliche (MRC),847.08485,19125,8698,8002,12.8,0.000663625,215,0.011146827,205,0.01062837
74,2428,1824.58861,Les Etchemins (MRC),17254,24,CD,Les Etchemins (MRC),1824.58861,16536,8764,7322,13.9,0.00080561,130,0.007534485,205,0.011881303
75,2429,1976.08338,Beauce-Sartigan (MRC),51011,24,CD,Beauce-Sartigan (MRC),1976.08338,52406,24195,22861,12.7,0.000248966,625,0.012252259,530,0.010389916
76,2430,2830.25466,Le Granit (MRC),22210,24,CD,Le Granit (MRC),2830.25466,21462,12478,9559,15.2,0.000684376,390,0.017559658,140,0.006303467
77,2431,1984.52147,Les Appalaches (MRC),43120,24,CD,Les Appalaches (MRC),1984.52147,42346,22714,19669,16.1,0.000373377,415,0.009624304,365,0.00846475
78,2432,1302.14335,L'Érable (MRC),23366,24,CD,L'Érable (MRC),1302.14335,23425,11315,10270,14.2,0.000607721,155,0.00663357,155,0.00663357
79,2433,1667.551,Lotbinière (MRC),29617,24,CD,Lotbinière (MRC),1667.551,31741,14642,13352,10.5,0.000354526,330,0.011142249,225,0.007596988
80,2434,4077.73181,Portneuf (MRC),49370,24,CD,Portneuf (MRC),4077.73181,53008,26586,23137,11.7,0.000236986,625,0.01265951,450,0.009114847
81,2435,5602.74461,Mékinac (MRC),12924,24,CD,Mékinac (MRC),5602.74461,12358,8324,6013,19.8,0.001532033,120,0.009285051,70,0.00541628
82,2436,803.89533,Shawinigan (Tï¿½),50060,24,CD,Shawinigan (Tï¿½),803.89533,49349,26953,24410,21.7,0.00043348,770,0.015381542,615,0.012285258
83,2437,1178.64645,Francheville (CDR),149203,24,CD,Francheville (CDR),1178.64645,153030,76859,71357,17.5,0.00011729,2010,0.013471579,4720,0.031634753
84,2438,1152.97439,Bécancour (MRC),20081,24,CD,Bécancour (MRC),1152.97439,20404,9947,9041,14.8,0.000737015,365,0.018176386,160,0.007967731
85,2439,1911.08708,Arthabaska (MRC),69237,24,CD,Arthabaska (MRC),1911.08708,72014,33483,31447,14.9,0.000215203,610,0.008810318,1340,0.019353814
86,2440,792.02383,Les Sources (MRC),14756,24,CD,Les Sources (MRC),792.02383,14286,7226,6478,20,0.001355381,165,0.011181892,130,0.008809976
87,2441,2300.30935,Le Haut-Saint-François (MRC),22065,24,CD,Le Haut-Saint-François (MRC),2300.30935,22335,11203,9581,16.9,0.000765919,405,0.018354861,185,0.008384319
88,2442,1429.65358,Le Val-Saint-François (MRC),29654,24,CD,Le Val-Saint-François (MRC),1429.65358,30686,14359,13015,12.5,0.000421528,310,0.010453902,175,0.005901396
89,2443,365.90834,Sherbrooke (Tï¿½),154601,24,CD,Sherbrooke (Tï¿½),365.90834,161323,80341,73506,17.8,0.000115135,1715,0.011093072,11430,0.073932251
90,2444,1349.50308,Coaticook (MRC),18847,24,CD,Coaticook (MRC),1349.50308,18497,8747,7817,14,0.000742824,335,0.017774712,140,0.007428238
91,2445,1377.69286,Memphrémagog (MRC),48551,24,CD,Memphrémagog (MRC),1377.69286,50415,30430,22919,14.1,0.000290416,720,0.014829767,575,0.011843216
92,2446,1678.89253,Brome-Missisquoi (MRC),55621,24,CD,Brome-Missisquoi (MRC),1678.89253,58314,31470,25865,14.8,0.000266087,920,0.016540515,745,0.013394222
93,2447,648.75581,La Haute-Yamaska (MRC),85042,24,CD,La Haute-Yamaska (MRC),648.75581,88306,40364,38826,14.6,0.00017168,915,0.010759389,3125,0.036746549
94,2448,582.67547,Acton (MRC),15381,24,CD,Acton (MRC),582.67547,15594,7101,6637,16.6,0.001079254,255,0.016578896,80,0.005201222
95,2449,1626.05654,Drummond (MRC),98681,24,CD,Drummond (MRC),1626.05654,103397,47581,45334,16,0.000162139,1145,0.011603044,2385,0.024168786
96,2450,1021.45956,Nicolet-Yamaska (MRC),22798,24,CD,Nicolet-Yamaska (MRC),1021.45956,23159,11045,10085,16.1,0.000706202,670,0.029388543,245,0.010746557
97,2451,2493.19985,Maskinongé (MRC),36286,24,CD,Maskinongé (MRC),2493.19985,36316,19075,16452,17.4,0.000479524,565,0.015570744,190,0.005236179
98,2452,1283.40303,D'Autray (MRC),41650,24,CD,D'Autray (MRC),1283.40303,42189,20768,18223,16.3,0.000391357,565,0.013565426,550,0.013205282
99,2453,608.5711,Pierre-De Saurel (MRC),50900,24,CD,Pierre-De Saurel (MRC),608.5711,51025,25425,23793,16.5,0.000324165,585,0.011493124,845,0.016601179
100,2454,1311.69424,Les Maskoutains (MRC),84248,24,CD,Les Maskoutains (MRC),1311.69424,87099,40244,38016,14.1,0.000167363,780,0.00925838,3480,0.041306619
101,2455,488.26993,Rouville (MRC),35690,24,CD,Rouville (MRC),488.26993,36536,15470,14939,10.1,0.000282992,390,0.010927431,560,0.01569067
102,2456,943.59986,Le Haut-Richelieu (MRC),114344,24,CD,Le Haut-Richelieu (MRC),943.59986,117443,52461,50061,12.2,0.000106696,1460,0.012768488,2450,0.021426572
103,2457,604.05732,La Vallée-du-Richelieu (MRC),116773,24,CD,La Vallée-du-Richelieu (MRC),604.05732,124420,49971,48748,6.3,5.39508E-05,1205,0.010319166,3960,0.033911949
104,2458,283.20858,Longueuil (Tï¿½),399097,24,CD,Longueuil (Tï¿½),283.20858,415347,183008,175735,12.2,3.0569E-05,3270,0.008193497,85175,0.213419294
105,2459,346.6117,Marguerite-D'Youville (MRC),74416,24,CD,Marguerite-D'Youville (MRC),346.6117,77550,30532,29942,6,8.06278E-05,540,0.007256504,2505,0.033662116
106,2460,259.27257,L'Assomption (MRC),119840,24,CD,L'Assomption (MRC),259.27257,124759,50828,49768,8.3,6.9259E-05,1295,0.010806075,11130,0.092873832
107,2461,423.54916,Joliette (MRC),63551,24,CD,Joliette (MRC),423.54916,66550,30969,29703,16.6,0.000261208,1025,0.016128778,1495,0.023524413
108,2462,10459.76578,Matawinie (MRC),49516,24,CD,Matawinie (MRC),10459.76578,50435,35858,23139,19.5,0.000393812,2735,0.055234672,485,0.009794814
109,2463,717.74053,Montcalm (MRC),48378,24,CD,Montcalm (MRC),717.74053,52596,23295,21608,15.3,0.000316259,800,0.016536442,735,0.015192856
110,2464,262.03111,Les Moulins (MRC),148813,24,CD,Les Moulins (MRC),262.03111,158267,60944,59701,7.7,5.17428E-05,1755,0.011793325,15500,0.104157567
111,2465,247.08643,Laval (Tï¿½),401553,24,CD,Laval (Tï¿½),247.08643,422993,165686,160328,11.3,2.81407E-05,2525,0.006288087,107255,0.267100482
112,2466,499.897,Montréal (Tï¿½),1886481,24,CD,Montréal (Tï¿½),499.897,1942044,939112,870373,21.3,1.12909E-05,13105,0.006946797,623895,0.330718942
113,2467,426.33339,Roussillon (MRC),162187,24,CD,Roussillon (MRC),426.33339,171443,67868,66264,7.8,4.80926E-05,2640,0.016277507,18290,0.112771061
114,2468,804.55347,Les Jardins-de-Napierville (MRC),26234,24,CD,Les Jardins-de-Napierville (MRC),804.55347,27870,11789,11205,11.2,0.000426927,420,0.016009758,545,0.020774567
115,2469,1179.06874,Le Haut-Saint-Laurent (MRC),21197,24,CD,Le Haut-Saint-Laurent (MRC),1179.06874,22454,12016,9666,18.3,0.00086333,1470,0.069349436,265,0.012501769
116,2470,474.23361,Beauharnois-Salaberry (MRC),61950,24,CD,Beauharnois-Salaberry (MRC),474.23361,64320,30151,28865,15.7,0.00025343,790,0.01275222,930,0.015012107
117,2471,861.64785,Vaudreuil-Soulanges (MRC),139353,24,CD,Vaudreuil-Soulanges (MRC),861.64785,149349,59474,57515,7.7,5.52554E-05,1745,0.012522156,15455,0.110905399
118,2472,244.97777,Deux-Montagnes (MRC),95670,24,CD,Deux-Montagnes (MRC),244.97777,98203,40728,39748,9.5,9.92997E-05,1560,0.016306052,5895,0.061618062
119,2473,207.61981,Thérèse-De Blainville (MRC),154144,24,CD,Thérèse-De Blainville (MRC),207.61981,157103,62218,60762,8.5,5.51432E-05,1575,0.010217718,9340,0.060592693
120,2474,486.17064,Mirabel (Tï¿½),41957,24,CD,Mirabel (Tï¿½),486.17064,50513,20395,19631,8.3,0.000197822,575,0.013704507,1450,0.034559192
121,2475,465.98233,La Rivière-du-Nord (MRC),115165,24,CD,La Rivière-du-Nord (MRC),465.98233,128170,58580,55009,14.1,0.000122433,1920,0.016671732,3275,0.028437459
122,2476,1328.36808,Argenteuil (MRC),32117,24,CD,Argenteuil (MRC),1328.36808,32389,19081,14789,19.9,0.00061961,525,0.016346483,420,0.013077187
123,2477,734.32499,Les Pays-d'en-Haut (MRC),40331,24,CD,Les Pays-d'en-Haut (MRC),734.32499,41877,29723,20698,15.6,0.000386799,505,0.012521386,700,0.017356376
124,2478,2675.60186,Les Laurentides (MRC),45157,24,CD,Les Laurentides (MRC),2675.60186,45902,36150,21972,17.5,0.000387537,995,0.022034236,640,0.014172775
125,2479,16317.3884,Antoine-Labelle (MRC),35159,24,CD,Antoine-Labelle (MRC),16317.3884,35243,23399,16474,21.2,0.000602975,2155,0.061292983,215,0.006115077
126,2480,3208.05169,Papineau (MRC),22541,24,CD,Papineau (MRC),3208.05169,22832,15893,10401,18.1,0.000802981,705,0.031276341,200,0.008872721
127,2481,381.39039,Gatineau (Tï¿½),265349,24,CD,Gatineau (Tï¿½),381.39039,276245,125608,118385,13,4.89921E-05,10420,0.039269038,36760,0.138534534
128,2482,2195.74606,Les Collines-de-l'Outaouais (MRC),46393,24,CD,Les Collines-de-l'Outaouais (MRC),2195.74606,49094,23164,18756,7.9,0.000170284,2395,0.051624167,1010,0.021770526
129,2483,14143.17636,La Vallée-de-la-Gatineau (MRC),20530,24,CD,La Vallée-de-la-Gatineau (MRC),14143.17636,20182,15363,9392,23.7,0.001154408,4625,0.225280078,140,0.006819289
130,2484,14136.33785,Pontiac (MRC),14358,24,CD,Pontiac (MRC),14136.33785,14251,10208,6203,21.2,0.001476529,2545,0.177253099,90,0.006268282
131,2485,19250.78559,Témiscamingue (MRC),16425,24,CD,Témiscamingue (MRC),19250.78559,15980,8992,7129,15.7,0.00095586,1920,0.116894977,155,0.009436834
132,2486,6483.32734,Rouyn-Noranda (Tï¿½),41012,24,CD,Rouyn-Noranda (Tï¿½),6483.32734,42334,20568,18851,12.7,0.000309665,1065,0.025968009,805,0.019628401
133,2487,3618.84655,Abitibi-Ouest (MRC),21003,24,CD,Abitibi-Ouest (MRC),3618.84655,20538,10053,9026,15.2,0.000723706,485,0.023091939,50,0.002380612
134,2488,7940.80138,Abitibi (MRC),24354,24,CD,Abitibi (MRC),7940.80138,24639,11374,10529,11.8,0.00048452,1105,0.045372423,195,0.008006898
135,2489,27344.644,La Vallée-de-l'Or (MRC),42896,24,CD,La Vallée-de-l'Or (MRC),27344.644,43226,20224,19040,13,0.000303059,3590,0.083690787,800,0.018649758
136,2490,29649.51577,La Tuque (Tï¿½),15130,24,CD,La Tuque (Tï¿½),29649.51577,15059,8360,6377,17.8,0.001176471,4415,0.291804362,120,0.007931262
137,2491,19364.88786,Le Domaine-du-Roy (MRC),31870,24,CD,Le Domaine-du-Roy (MRC),19364.88786,31285,16549,13729,14.6,0.000458111,3880,0.121744587,180,0.005647945
138,2492,38264.67146,Maria-Chapdelaine (MRC),25279,24,CD,Maria-Chapdelaine (MRC),38264.67146,24793,11916,10805,15.3,0.000605245,1870,0.073974445,180,0.007120535
139,2493,3409.01411,Lac-Saint-Jean-Est (MRC),52520,24,CD,Lac-Saint-Jean-Est (MRC),3409.01411,52741,25450,22909,13.2,0.000251333,1880,0.035795887,400,0.007616146
140,2494,45216.42057,Le Saguenay-et-son-Fjord (CDR),165211,24,CD,Le Saguenay-et-son-Fjord (CDR),45216.42057,167549,81769,75351,13.2,7.98978E-05,7020,0.042491117,2040,0.012347846
141,2495,12396.62767,La Haute-Côte-Nord (MRC),11546,24,CD,La Haute-Côte-Nord (MRC),12396.62767,10846,5708,4982,17.2,0.001489693,2200,0.190542179,40,0.003464403
142,2496,39872.84518,Manicouagan (MRC),32012,24,CD,Manicouagan (MRC),39872.84518,31027,14844,13738,9.7,0.000303011,3485,0.108865425,310,0.009683869
143,2497,111993.6336,Sept-Rivières--Caniapiscau (CDR),39500,24,CD,Sept-Rivières--Caniapiscau (CDR),111993.6336,39322,19307,16764,9.4,0.000237975,7290,0.184556962,375,0.009493671
144,2498,105021.1672,Minganie--Le Golfe-du-Saint-Laurent (CDR),11708,24,CD,Minganie--Le Golfe-du-Saint-Laurent (CDR),105021.1672,11323,5297,4462,7.8,0.000666211,3485,0.29765972,65,0.005551759
145,2499,852516.4797,Nord-du-Québec (CDR),42579,24,CD,Nord-du-Québec (CDR),852516.4797,44561,16179,13673,11.1,0.000260692,29290,0.68789779,510,0.011977736
146,3501,3324.11469,"Stormont, Dundas and Glengarry (UC)",111164,35,CD,"Stormont, Dundas and Glengarry (UC)",3324.11469,113429,50455,47829,17.9,0.000161023,4845,0.043584254,3865,0.03476845
147,3502,2069.63745,Prescott and Russell (UC),85381,35,CD,Prescott and Russell (UC),2069.63745,89333,36783,35389,10.5,0.000122978,2800,0.032794181,2665,0.031213033
148,3506,2892.07371,Ottawa (CDR),883391,35,CD,Ottawa (CDR),2892.07371,934243,395985,373756,12.6,1.42632E-05,22960,0.025990756,241250,0.273095379
149,3507,3608.53066,Leeds and Grenville (UC),99306,35,CD,Leeds and Grenville (UC),3608.53066,100546,48226,42749,13,0.000130909,3420,0.034439007,2140,0.021549554
150,3509,3198.09977,Lanark (CTY),65667,35,CD,Lanark (CTY),3198.09977,68698,32695,28580,12.8,0.000194923,2605,0.039669849,1305,0.019872996
151,3510,4229.26416,Frontenac (CTY),149753,35,CD,Frontenac (CTY),4229.26416,150475,77155,64295,14,9.34873E-05,5440,0.036326484,11950,0.079798067
152,3511,2976.80423,Lennox and Addington (CTY),41809,35,CD,Lennox and Addington (CTY),2976.80423,42888,19684,17053,12.2,0.000291803,2040,0.048793322,940,0.022483197
153,3512,6337.62419,Hastings (CTY),134934,35,CD,Hastings (CTY),6337.62419,136445,65136,57017,16.3,0.0001208,9850,0.072998651,4760,0.035276506
154,3513,1075.714,Prince Edward (CDR),25258,35,CD,Prince Edward (CDR),1075.714,24735,12899,10728,13.5,0.000534484,735,0.029099691,535,0.021181408
155,3514,1990.81677,Northumberland (CTY),82126,35,CD,Northumberland (CTY),1990.81677,85598,39032,35686,11.6,0.000141246,2275,0.027701337,2875,0.035007184
156,3515,4212.72068,Peterborough (CTY),134928,35,CD,Peterborough (CTY),4212.72068,138236,70551,57743,15.2,0.000112653,6160,0.045653978,5905,0.043764082
157,3516,3335.10993,Kawartha Lakes (CDR),73219,35,CD,Kawartha Lakes (CDR),3335.10993,75423,38444,31106,13.1,0.000178915,1995,0.027247026,1530,0.020896215
158,3518,2621.7374,Durham (RM),608124,35,CD,Durham (RM),2621.7374,645862,233936,227906,9.7,1.59507E-05,12540,0.020620794,173325,0.285015885
159,3519,2097.55376,York (RM),1032524,35,CD,York (RM),2097.55376,1109909,369928,357084,12,1.1622E-05,5915,0.00572868,541195,0.524147623
160,3520,634.43388,Toronto (CDR),2615060,35,CD,Toronto (CDR),634.43388,2731571,1179057,1112929,20.2,7.72449E-06,23065,0.008820065,1385850,0.5299496
161,3521,1256.39131,Peel (RM),1296809,35,CD,Peel (RM),1256.39131,1381739,443918,430180,12.8,9.87038E-06,9125,0.007036503,854565,0.658975223
162,3522,1497.23791,Dufferin (CTY),56881,35,CD,Dufferin (CTY),1497.23791,61735,22889,21918,8.7,0.000152951,1170,0.020569259,4925,0.086584272
163,3523,2699.85005,Wellington (CTY),208360,35,CD,Wellington (CTY),2699.85005,222726,90846,85281,10.2,4.89537E-05,3380,0.016221924,27460,0.131791131
164,3524,970.08276,Halton (RM),501674,35,CD,Halton (RM),970.08276,548435,198164,192977,8.2,1.63453E-05,5455,0.010873595,138995,0.277062395
165,3525,1148.04521,Hamilton (CDR),519949,35,CD,Hamilton (CDR),1148.04521,536917,222918,211596,15.3,2.9426E-05,12135,0.023338827,100055,0.192432335
166,3526,1883.82894,Niagara (RM),431346,35,CD,Niagara (RM),1883.82894,447888,196241,183828,14.5,3.36157E-05,12245,0.028387884,38810,0.089974174
167,3528,2921.12259,Haldimand-Norfolk (CDR),109118,35,CD,Haldimand-Norfolk (CDR),2921.12259,109787,48249,43559,11.7,0.000107223,3450,0.031617148,2245,0.020574057
168,3529,1106.37275,Brant (CDR),136035,35,CD,Brant (CDR),1106.37275,134808,54626,52722,13.3,9.7769E-05,6910,0.050795751,10245,0.075311501
169,3530,1385.33684,Waterloo (RM),507096,35,CD,Waterloo (RM),1385.33684,535154,214299,203832,12.1,2.38614E-05,8980,0.017708678,100025,0.197250619
170,3531,2224.26375,Perth (CTY),75112,35,CD,Perth (CTY),2224.26375,76796,31747,30713,11.1,0.000147779,1025,0.013646288,2695,0.035879753
171,3532,2051.98961,Oxford (CTY),105719,35,CD,Oxford (CTY),2051.98961,110862,45350,44266,10.8,0.000102158,2055,0.019438322,3440,0.032539089
172,3534,1887.24282,Elgin (CTY),87461,35,CD,Elgin (CTY),1887.24282,88978,36613,34995,14.3,0.000163501,1975,0.022581493,2590,0.029613199
173,3536,2487.64299,Chatham-Kent (CDR),104075,35,CD,Chatham-Kent (CDR),2487.64299,102042,46287,43174,17,0.000163344,4070,0.039106414,4535,0.043574345
174,3537,1868.69299,Essex (CTY),388782,35,CD,Essex (CTY),1868.69299,398953,168569,159053,16.5,4.24402E-05,9870,0.025386978,70720,0.181901425
175,3538,3036.49749,Lambton (CTY),126199,35,CD,Lambton (CTY),3036.49749,126638,59777,54481,13,0.000103012,6885,0.054556692,5505,0.043621582
176,3539,3335.93054,Middlesex (CTY),439151,35,CD,Middlesex (CTY),3335.93054,455526,203349,190045,17.2,3.91665E-05,11145,0.025378514,76465,0.174120063
177,3540,3418.36028,Huron (CTY),59100,35,CD,Huron (CTY),3418.36028,59297,28369,24194,13.7,0.00023181,810,0.013705584,865,0.01463621
178,3541,4153.50575,Bruce (CTY),66102,35,CD,Bruce (CTY),4153.50575,68147,41183,28866,13.3,0.000201204,3160,0.047804908,1805,0.027306284
179,3542,4549.58378,Grey (CTY),92568,35,CD,Grey (CTY),4549.58378,93830,47560,39563,15.5,0.000167444,2355,0.025440757,1895,0.020471437
180,3543,5332.70199,Simcoe (CTY),446063,35,CD,Simcoe (CTY),5332.70199,479650,206549,183536,11.4,2.55569E-05,21955,0.049219505,33960,0.076132744
181,3544,4527.90075,Muskoka (DM),58017,35,CD,Muskoka (DM),4527.90075,60599,46207,25431,13,0.000224072,2155,0.037144285,1095,0.018873778
182,3546,4559.78767,Haliburton (CTY),17056,35,CD,Haliburton (CTY),4559.78767,18062,21113,8443,17.2,0.001008443,520,0.030487805,255,0.01495075
183,3547,8059.04548,Renfrew (CTY),101326,35,CD,Renfrew (CTY),8059.04548,102394,49860,42779,13.1,0.000129286,8460,0.083492884,2635,0.026005171
184,3548,19571.74354,Nipissing (DIS),84736,35,CD,Nipissing (DIS),19571.74354,83150,41200,36050,17.2,0.000202983,11535,0.136128682,1925,0.022717617
185,3549,10288.88426,Parry Sound (DIS),42162,35,CD,Parry Sound (DIS),10288.88426,42824,35226,18679,15.1,0.000358142,3085,0.073170153,630,0.014942365
186,3551,3374.78274,Manitoulin (DIS),13048,35,CD,Manitoulin (DIS),3374.78274,13255,9537,5748,14.8,0.001134273,5260,0.403126916,85,0.006514408
187,3552,43988.4152,Sudbury (DIS),21196,35,CD,Sudbury (DIS),43988.4152,21546,12557,9375,14.3,0.000674656,3725,0.175740706,270,0.012738253
188,3553,3633.00647,Greater Sudbury (CDR),160376,35,CD,Greater Sudbury (CDR),3633.00647,161647,75103,69200,12.8,7.98124E-05,15055,0.093873148,5990,0.037349728
189,3554,14370.60505,Timiskaming (DIS),32634,35,CD,Timiskaming (DIS),14370.60505,32251,16862,14395,17.5,0.000536251,2560,0.078445793,495,0.015168229
190,3556,145707.4322,Cochrane (DIS),81122,35,CD,Cochrane (DIS),145707.4322,79682,37974,34012,14.2,0.000175045,12835,0.158218486,1260,0.015532161
191,3557,52346.84202,Algoma (DIS),115870,35,CD,Algoma (DIS),52346.84202,114094,60324,51071,16.2,0.000139812,15455,0.133382239,2605,0.022482092
192,3558,119028.7556,Thunder Bay (DIS),146057,35,CD,Thunder Bay (DIS),119028.7556,146048,72551,62999,13.8,9.44837E-05,21755,0.148948698,5160,0.035328673
193,3559,18663.0008,Rainy River (DIS),20370,35,CD,Rainy River (DIS),18663.0008,20110,11217,8432,13.7,0.000672558,5395,0.26485027,250,0.01227295
194,3560,444782.942,Kenora (DIS),57607,35,CD,Kenora (DIS),444782.942,65533,31191,23931,11,0.000190949,31800,0.552016248,1040,0.018053362
195,4601,15581.61591,Division No.  1 (CDR),17331,46,CD,Division No.  1 (CDR),15581.61591,18534,17236,8080,16.2,0.000934741,3495,0.201661762,505,0.029138538
196,4602,4442.718,Division No.  2 (CDR),66045,46,CD,Division No.  2 (CDR),4442.718,75571,26604,25466,13.5,0.000204406,9865,0.149367855,3330,0.050420168
197,4603,5310.97078,Division No.  3 (CDR),50679,46,CD,Division No.  3 (CDR),5310.97078,54796,19419,18719,17.5,0.000345311,1930,0.038082835,1580,0.031176621
198,4604,4646.55839,Division No.  4 (CDR),9989,46,CD,Division No.  4 (CDR),4646.55839,9986,4206,3702,16.4,0.001641806,730,0.073080388,265,0.026529182
199,4605,8476.30935,Division No.  5 (CDR),12922,46,CD,Division No.  5 (CDR),8476.30935,13176,6945,5442,14.9,0.001153072,765,0.059201362,320,0.024763968
200,4606,4073.05184,Division No.  6 (CDR),10025,46,CD,Division No.  6 (CDR),4073.05184,10317,4703,4102,13.3,0.001326683,1835,0.183042394,245,0.024438903
201,4607,6379.1691,Division No.  7 (CDR),65084,46,CD,Division No.  7 (CDR),6379.1691,68746,29333,27632,14.2,0.00021818,7800,0.119845123,8245,0.126682441
202,4608,5901.40607,Division No.  8 (CDR),13444,46,CD,Division No.  8 (CDR),5901.40607,13968,5008,4638,18.6,0.001383517,3295,0.245090747,190,0.014132699
203,4609,3085.23156,Division No.  9 (CDR),23489,46,CD,Division No.  9 (CDR),3085.23156,24391,9807,9169,17.2,0.000732258,6755,0.287581421,850,0.036187151
204,4610,1925.41361,Division No. 10 (CDR),10673,46,CD,Division No. 10 (CDR),1925.41361,11941,3786,3678,6.1,0.000571536,1115,0.104469221,305,0.028576783
205,4611,583.4318,Division No. 11 (CDR),666832,46,CD,Division No. 11 (CDR),583.4318,708823,295343,282116,15.8,2.36941E-05,84495,0.126711076,193105,0.289585683
206,4612,1862.26153,Division No. 12 (CDR),21830,46,CD,Division No. 12 (CDR),1862.26153,23683,9300,8875,8.4,0.000384792,2600,0.119102153,490,0.022446175
207,4613,1830.92376,Division No. 13 (CDR),46888,46,CD,Division No. 13 (CDR),1830.92376,49086,20847,18426,8.7,0.000185549,8240,0.175737929,1540,0.032844225
208,4614,2897.053,Division No. 14 (CDR),18497,46,CD,Division No. 14 (CDR),2897.053,18621,6967,6652,8.4,0.000454128,2590,0.140022706,240,0.012975077
209,4615,8973.12229,Division No. 15 (CDR),20837,46,CD,Division No. 15 (CDR),8973.12229,21379,10696,8564,15.3,0.000734271,2345,0.112540193,2070,0.099342516
210,4616,4932.07087,Division No. 16 (CDR),9928,46,CD,Division No. 16 (CDR),4932.07087,9848,4986,4121,19.3,0.001943997,2885,0.290592264,210,0.021152297
211,4617,14497.91781,Division No. 17 (CDR),22208,46,CD,Division No. 17 (CDR),14497.91781,22205,11646,9459,22,0.000990634,6340,0.285482709,400,0.018011527
212,4618,15482.69681,Division No. 18 (CDR),23469,46,CD,Division No. 18 (CDR),15482.69681,24036,15528,10038,20.2,0.00086071,6630,0.28250032,400,0.01704376
213,4619,85991.32245,Division No. 19 (CDR),17240,46,CD,Division No. 19 (CDR),85991.32245,16518,7984,4817,39.7,0.002302784,15395,0.892981439,30,0.001740139
214,4620,10136.68009,Division No. 20 (CDR),9952,46,CD,Division No. 20 (CDR),10136.68009,9621,4919,4177,21.5,0.00216037,1845,0.185389871,195,0.019594051
215,4621,61692.80905,Division No. 21 (CDR),21393,46,CD,Division No. 21 (CDR),61692.80905,21983,9162,7863,14,0.00065442,11425,0.534053195,430,0.020100033
216,4622,107943.904,Division No. 22 (CDR),40923,46,CD,Division No. 22 (CDR),107943.904,42165,12356,10891,17.2,0.000420302,33390,0.815922586,1745,0.042641058
217,4623,272983.9444,Division No. 23 (CDR),8590,46,CD,Division No. 23 (CDR),272983.9444,8971,2967,2423,22.9,0.002665891,7545,0.878346915,170,0.019790454
218,4701,15388.51986,Division No.  1 (CDR),31333,47,CD,Division No.  1 (CDR),15388.51986,31766,15738,12890,8.5,0.000271279,2240,0.071490122,2120,0.067660294
219,4702,17309.12307,Division No.  2 (CDR),22266,47,CD,Division No.  2 (CDR),17309.12307,22825,10741,9389,10.9,0.000489536,660,0.029641606,1330,0.059732327
220,4703,18983.8094,Division No.  3 (CDR),12691,47,CD,Division No.  3 (CDR),18983.8094,12610,6173,5358,14.1,0.001111024,610,0.048065558,410,0.032306359
221,4704,21716.98174,Division No.  4 (CDR),10879,47,CD,Division No.  4 (CDR),21716.98174,10854,5262,4181,13.4,0.001231731,550,0.050556117,490,0.045040904
222,4705,15119.61235,Division No.  5 (CDR),32007,47,CD,Division No.  5 (CDR),15119.61235,31750,15738,13560,13.2,0.00041241,3380,0.1056019,1295,0.040459899
223,4706,18023.99087,Division No.  6 (CDR),237746,47,CD,Division No.  6 (CDR),18023.99087,262837,116531,105686,11.4,4.79503E-05,27230,0.114533998,41685,0.17533418
224,4707,20009.62139,Division No.  7 (CDR),46648,47,CD,Division No.  7 (CDR),20009.62139,47195,22895,19760,13.5,0.000289401,2530,0.05423598,2555,0.054771909
225,4708,22877.41515,Division No.  8 (CDR),29962,47,CD,Division No.  8 (CDR),22877.41515,30718,14534,12759,10.3,0.000343769,1000,0.033375609,1810,0.060409852
226,4709,15666.17001,Division No.  9 (CDR),35314,47,CD,Division No.  9 (CDR),15666.17001,35634,18041,15297,17.2,0.000487059,4405,0.124738064,1750,0.049555417
227,4710,13142.58381,Division No. 10 (CDR),17546,47,CD,Division No. 10 (CDR),13142.58381,16563,8427,6980,19.2,0.001094266,3600,0.205174969,435,0.024791975
228,4711,17427.82615,Division No. 11 (CDR),271170,47,CD,Division No. 11 (CDR),17427.82615,303423,129632,119128,11.9,4.38839E-05,31350,0.115610134,49610,0.182947966
229,4712,14378.13535,Division No. 12 (CDR),23228,47,CD,Division No. 12 (CDR),14378.13535,23986,10076,9226,10.9,0.000469261,3710,0.159721026,680,0.029275013
230,4713,18172.21015,Division No. 13 (CDR),23089,47,CD,Division No. 13 (CDR),18172.21015,23224,10510,9107,9.9,0.000428776,2115,0.091602062,975,0.042227901
231,4714,34853.39759,Division No. 14 (CDR),37195,47,CD,Division No. 14 (CDR),34853.39759,36096,18261,15225,16.5,0.000443608,5605,0.150692297,1175,0.031590268
232,4715,20716.32473,Division No. 15 (CDR),83725,47,CD,Division No. 15 (CDR),20716.32473,85908,38751,32232,14.9,0.000177964,25160,0.300507614,4305,0.051418334
233,4716,23468.87193,Division No. 16 (CDR),37845,47,CD,Division No. 16 (CDR),23468.87193,37999,18762,14663,18.4,0.000486194,12885,0.340467697,1770,0.046769719
234,4717,23765.53619,Division No. 17 (CDR),44180,47,CD,Division No. 17 (CDR),23765.53619,47900,22846,16947,12.7,0.00028746,15790,0.357401539,3200,0.072430964
235,4718,321365.1735,Division No. 18 (CDR),36557,47,CD,Division No. 18 (CDR),321365.1735,37064,12664,10234,28.1,0.000768663,32200,0.88081626,275,0.007522499
236,4801,21051.82561,Division No.  1 (CDR),78694,48,CD,Division No.  1 (CDR),21051.82561,82627,35331,33230,11.3,0.000143594,3705,0.047081099,4550,0.057818893
237,4802,18176.46418,Division No.  2 (CDR),156536,48,CD,Division No.  2 (CDR),18176.46418,169729,66991,62823,11.3,7.21879E-05,7625,0.04871084,19015,0.121473655
238,4803,14033.47986,Division No.  3 (CDR),38566,48,CD,Division No.  3 (CDR),14033.47986,38956,15405,13378,13.1,0.000339677,7860,0.203806462,925,0.023984857
239,4804,22257.98006,Division No.  4 (CDR),10078,48,CD,Division No.  4 (CDR),22257.98006,9573,4174,3739,10.5,0.001041873,275,0.02728716,280,0.02778329
240,4805,17127.87179,Division No.  5 (CDR),53263,48,CD,Division No.  5 (CDR),17127.87179,55708,22044,20020,10.3,0.00019338,5650,0.10607739,2140,0.040177985
241,4806,12884.40171,Division No.  6 (CDR),1311022,48,CD,Division No.  6 (CDR),12884.40171,1498778,586269,558912,8.8,6.71232E-06,46285,0.035304518,469705,0.358273927
242,4807,20040.15186,Division No.  7 (CDR),40232,48,CD,Division No.  7 (CDR),20040.15186,41574,18246,16009,8.9,0.000221217,1645,0.04088785,1565,0.038899384
243,4808,10291.79484,Division No.  8 (CDR),189243,48,CD,Division No.  8 (CDR),10291.79484,209395,88994,80649,9.5,5.02E-05,14695,0.077651485,19170,0.101298331
244,4809,19056.67629,Division No.  9 (CDR),21290,48,CD,Division No.  9 (CDR),19056.67629,20869,9210,7933,10.5,0.000493189,2895,0.135979333,450,0.021136684
245,4810,21590.47924,Division No. 10 (CDR),93039,48,CD,Division No. 10 (CDR),21590.47924,97449,42796,38242,10.3,0.000110706,5605,0.060243554,5295,0.056911618
246,4811,16456.93606,Division No. 11 (CDR),1203115,48,CD,Division No. 11 (CDR),16456.93606,1366050,557547,518951,9.3,7.72993E-06,83755,0.069615124,366375,0.304522012
247,4812,34477.42389,Division No. 12 (CDR),63427,48,CD,Division No. 12 (CDR),34477.42389,67120,30281,24500,9.2,0.000145049,14945,0.235625207,4090,0.06448358
248,4813,25147.50329,Division No. 13 (CDR),68919,48,CD,Division No. 13 (CDR),25147.50329,71016,34788,27840,11.1,0.000161059,6970,0.101133214,2620,0.038015642
249,4814,27265.32576,Division No. 14 (CDR),28584,48,CD,Division No. 14 (CDR),27265.32576,29291,13153,11598,8.3,0.000290372,3030,0.106003359,1810,0.063322138
250,4815,28654.70418,Division No. 15 (CDR),35983,48,CD,Division No. 15 (CDR),28654.70418,38594,17542,13900,7.4,0.000205653,4600,0.127838146,3465,0.096295473
251,4816,102898.9195,Division No. 16 (CDR),67516,48,CD,Division No. 16 (CDR),102898.9195,73988,31535,26338,4.9,7.25754E-05,8865,0.13130221,19075,0.282525624
252,4817,197405.249,Division No. 17 (CDR),61504,48,CD,Division No. 17 (CDR),197405.249,61590,23895,19747,13.7,0.00022275,24720,0.401925078,2705,0.043980879
253,4818,33497.73608,Division No. 18 (CDR),14534,48,CD,Division No. 18 (CDR),33497.73608,14488,6590,5320,9.5,0.00065364,3230,0.222237512,450,0.030961882
254,4819,20935.90573,Division No. 19 (CDR),109712,48,CD,Division No. 19 (CDR),20935.90573,120380,49338,44549,7.9,7.20067E-05,12295,0.112066137,9480,0.08640805
255,5901,27849.75709,East Kootenay (RD),56685,59,CD,East Kootenay (RD),27849.75709,60439,34197,25863,11.3,0.000199347,4710,0.083090765,2185,0.038546353
256,5903,23144.08242,Central Kootenay (RD),58441,59,CD,Central Kootenay (RD),23144.08242,59517,30726,27016,20.3,0.000347359,3365,0.057579439,1955,0.033452542
257,5905,8152.33405,Kootenay Boundary (RD),31138,59,CD,Kootenay Boundary (RD),8152.33405,31447,18321,14339,16.3,0.000523476,1995,0.064069626,1065,0.034202582
258,5907,10590.63123,Okanagan-Similkameen (RD),80742,59,CD,Okanagan-Similkameen (RD),10590.63123,83022,42894,37673,16.4,0.000203116,6145,0.076106611,5440,0.067375096
259,5909,13902.28836,Fraser Valley (RD),277593,59,CD,Fraser Valley (RD),13902.28836,295934,116080,108393,14,5.04335E-05,22205,0.07999121,58535,0.210866268
260,5915,3040.41532,Greater Vancouver (RD),2313328,59,CD,Greater Vancouver (RD),3040.41532,2463431,1027613,960894,16.5,7.13258E-06,61455,0.026565623,1185680,0.512542968
261,5917,2367.24368,Capital (RD),359991,59,CD,Capital (RD),2367.24368,383360,183562,170157,13.3,3.69454E-05,17880,0.049667908,50990,0.14164243
262,5919,3577.5503,Cowichan Valley (RD),80332,59,CD,Cowichan Valley (RD),3577.5503,83739,37919,35272,15.3,0.00019046,9660,0.120250959,3805,0.047365931
263,5921,2072.4487,Nanaimo (RD),146574,59,CD,Nanaimo (RD),2072.4487,155698,73622,68904,16.2,0.000110524,10640,0.072591319,10855,0.074058155
264,5923,6884.06625,Alberni-Clayoquot (RD),31061,59,CD,Alberni-Clayoquot (RD),6884.06625,30981,15490,13654,19.6,0.000631016,6035,0.194295097,1485,0.04780915
265,5924,18653.88307,Strathcona (RD),43252,59,CD,Strathcona (RD),18653.88307,44671,21681,19610,16.4,0.000379173,5855,0.135369463,1860,0.043003792
266,5926,1738.84519,Comox Valley (RD),63538,59,CD,Comox Valley (RD),1738.84519,66527,32076,29573,15.2,0.000239227,3825,0.060200195,2895,0.045563285
267,5927,5316.84368,Powell River (RD),19906,59,CD,Powell River (RD),5316.84368,20070,11400,9412,19.2,0.000964533,1575,0.079121873,595,0.029890485
268,5929,3832.43389,Sunshine Coast (RD),28619,59,CD,Sunshine Coast (RD),3832.43389,29970,17379,13995,17,0.000594011,2015,0.070407771,2030,0.070931898
269,5931,16637.4501,Squamish-Lillooet (RD),38173,59,CD,Squamish-Lillooet (RD),16637.4501,42665,23965,16416,11.3,0.000296021,5060,0.132554423,4455,0.116705525
270,5933,45521.44027,Thompson-Nicola (RD),128471,59,CD,Thompson-Nicola (RD),45521.44027,132663,62157,55504,14,0.000108974,17555,0.136645624,8445,0.065734679
271,5935,3144.90019,Central Okanagan (RD),179839,59,CD,Central Okanagan (RD),3144.90019,194882,88374,81383,12.5,6.95066E-05,11370,0.063223216,14930,0.0830187
272,5937,7716.90837,North Okanagan (RD),81237,59,CD,North Okanagan (RD),7716.90837,84354,39970,35875,15.1,0.000185876,6350,0.078166353,3495,0.043022268
273,5939,30033.26674,Columbia-Shuswap (RD),50512,59,CD,Columbia-Shuswap (RD),30033.26674,51366,29798,22454,14.8,0.000293,3645,0.072161071,1620,0.032071587
274,5941,82960.86148,Cariboo (RD),62392,59,CD,Cariboo (RD),82960.86148,61988,31680,26699,16.8,0.000269265,10465,0.167729837,2410,0.038626747
275,5943,20763.70034,Mount Waddington (RD),11506,59,CD,Mount Waddington (RD),20763.70034,11035,5963,4850,18.9,0.001642621,3340,0.29028333,465,0.040413697
276,5945,25112.57403,Central Coast (RD),3206,59,CD,Central Coast (RD),25112.57403,3319,1531,1284,23.6,0.007361198,2045,0.6378665,55,0.017155334
277,5947,20391.79288,Skeena-Queen Charlotte (RD),18784,59,CD,Skeena-Queen Charlotte (RD),20391.79288,18133,8911,7413,17.4,0.00092632,8035,0.427757666,1645,0.087574532
278,5949,106516.3421,Kitimat-Stikine (RD),37361,59,CD,Kitimat-Stikine (RD),106516.3421,37367,16922,14822,13,0.000347956,13270,0.355183212,1710,0.045769653
279,5951,78194.40016,Bulkley-Nechako (RD),39208,59,CD,Bulkley-Nechako (RD),78194.40016,37896,17564,15101,12.9,0.000329014,7435,0.189629667,1270,0.032391349
280,5953,52080.24428,Fraser-Fort George (RD),91879,59,CD,Fraser-Fort George (RD),52080.24428,94506,41666,38600,12.9,0.000140402,13400,0.14584399,6980,0.075969482
281,5955,119860.8911,Peace River (RD),60082,59,CD,Peace River (RD),119860.8911,62942,28746,24264,10.1,0.000168104,9420,0.156785726,4020,0.066908558
282,5957,121827.2366,Stikine (REG),629,59,CD,Stikine (REG),121827.2366,740,617,367,23.2,0.036883943,365,0.580286169,10,0.015898251
283,5959,86405.35946,Northern Rockies (RD),5578,59,CD,Northern Rockies (RD),86405.35946,5393,2593,2182,11.6,0.002079598,1485,0.266224453,345,0.061850125
284,6001,483867.2021,Yukon (TER),33897,60,CD,Yukon (TER),483867.2021,35874,17987,15215,NA,NA,8195,0.241761808,3000,0.088503407
285,6101,394979.1951,Region 1 (REG),6712,61,CD,Region 1 (REG),394979.1951,6372,2741,2248,NA,NA,4930,0.734505364,240,0.035756853
286,6102,267883.5319,Region 2 (REG),2341,61,CD,Region 2 (REG),267883.5319,2433,1111,858,NA,NA,1820,0.777445536,65,0.027765912
287,6103,34137.55818,Region 3 (REG),2812,61,CD,Region 3 (REG),34137.55818,2751,861,705,NA,NA,2595,0.922830725,35,0.012446657
288,6104,208172.7474,Region 4 (REG),3256,61,CD,Region 4 (REG),208172.7474,3160,1495,1138,NA,NA,2695,0.827702703,45,0.013820639
289,6105,205590.1816,Region 5 (REG),6616,61,CD,Region 5 (REG),205590.1816,6980,3199,2692,NA,NA,4045,0.611396614,335,0.050634825
290,6106,239262.1419,Region 6 (REG),19725,61,CD,Region 6 (REG),239262.1419,20090,8259,7340,NA,NA,4780,0.242332066,3235,0.16400507
291,6204,1041182.797,Baffin (REG),16939,62,CD,Baffin (REG),1041182.797,18988,6556,5525,NA,NA,15145,0.89409056,670,0.039553693
292,6205,539971.0306,Keewatin (REG),8955,62,CD,Keewatin (REG),539971.0306,10413,3007,2631,NA,NA,9445,1.054718035,160,0.017867113
293,6208,513095.1268,Kitikmeot (REG),6012,62,CD,Kitikmeot (REG),513095.1268,6543,1870,1663,NA,NA,5955,0.990518962,80,0.01330672