,CDUID,Shape.Area,name,Adjusted.Population..previous.Census.,Type,Region.Name,Area..sq.km.,Population,Dwellings,Households,v_CA16_2201..Total...Income.statistics.in.2015.for.the.population.aged.15.years.and.over.in.private.households...100..data
1,1001,10011.39881,Division No.  1 (CDR),262410,CD,Division No.  1 (CDR),10011.39881,270348,131336,112620,226165
2,1002,6586.33501,Division No.  2 (CDR),21351,CD,Division No.  2 (CDR),6586.33501,20372,11497,8737,17585
3,1003,22335.72177,Division No.  3 (CDR),16306,CD,Division No.  3 (CDR),22335.72177,15560,8289,6773,13620
4,1004,7454.21714,Division No.  4 (CDR),20840,CD,Division No.  4 (CDR),7454.21714,20387,11338,9345,17440
5,1005,11498.15263,Division No.  5 (CDR),41004,CD,Division No.  5 (CDR),11498.15263,42014,20924,17890,35565
6,1006,17743.83803,Division No.  6 (CDR),37304,CD,Division No.  6 (CDR),17743.83803,38345,19296,16434,32130
7,1007,10652.04185,Division No.  7 (CDR),34686,CD,Division No.  7 (CDR),10652.04185,34092,20097,14571,29205
8,1008,10118.92135,Division No.  8 (CDR),37121,CD,Division No.  8 (CDR),10118.92135,35794,21913,15587,31090
9,1009,14838.08664,Division No.  9 (CDR),16786,CD,Division No.  9 (CDR),14838.08664,15607,9346,6689,13585
10,1010,223204.1149,Division No. 10 (CDR),24111,CD,Division No. 10 (CDR),223204.1149,24639,10758,9193,19565
11,1011,72554.31268,Division No. 11 (CDR),2617,CD,Division No. 11 (CDR),72554.31268,2558,945,834,1995
12,1101,1737.73233,Kings (CTY),17990,CD,Kings (CTY),1737.73233,17160,10026,7222,14195
13,1102,2120.18013,Queens (CTY),77866,CD,Queens (CTY),2120.18013,82017,39399,33975,66810
14,1103,2035.38201,Prince (CTY),44348,CD,Prince (CTY),2035.38201,43730,21694,18275,36040
15,1201,2622.20937,Shelburne (CTY),14496,CD,Shelburne (CTY),2622.20937,13966,7765,6378,11945
16,1202,2343.35288,Yarmouth (CTY),25275,CD,Yarmouth (CTY),2343.35288,24419,12342,10798,20535
17,1203,2688.85767,Digby (CTY),18036,CD,Digby (CTY),2688.85767,17323,9927,8043,15050
18,1204,2770.18326,Queens (CTY),10960,CD,Queens (CTY),2770.18326,10351,6608,4764,8990
19,1205,3429.05882,Annapolis (CTY),20756,CD,Annapolis (CTY),3429.05882,20591,11391,9377,17570
20,1206,3115.22127,Lunenburg (CTY),47313,CD,Lunenburg (CTY),3115.22127,47126,26648,21439,40535
21,1207,2210.26812,Kings (CTY),60589,CD,Kings (CTY),2210.26812,60600,29187,25951,50335
22,1208,3173.20841,Hants (CTY),42304,CD,Hants (CTY),3173.20841,42558,19202,17439,34910
23,1209,5963.13705,Halifax (CTY),390328,CD,Halifax (CTY),5963.13705,403390,187478,173459,337215
24,1210,3666.56495,Colchester (CTY),50968,CD,Colchester (CTY),3666.56495,50585,25378,22229,42100
25,1211,4327.68663,Cumberland (CTY),31353,CD,Cumberland (CTY),4327.68663,30005,18445,13614,25260
26,1212,2902.68709,Pictou (CTY),45643,CD,Pictou (CTY),2902.68709,43748,22525,19305,36480
27,1213,4242.06228,Guysborough (CTY),8143,CD,Guysborough (CTY),4242.06228,7625,5190,3549,6675
28,1214,1470.41197,Antigonish (CTY),19589,CD,Antigonish (CTY),1470.41197,19301,9842,8129,15930
29,1215,3921.68076,Inverness (CTY),17947,CD,Inverness (CTY),3921.68076,17235,9876,7351,14320
30,1216,1306.02277,Richmond (CTY),9293,CD,Richmond (CTY),1306.02277,8964,5122,3983,7750
31,1217,2596.00633,Cape Breton (CTY),101619,CD,Cape Breton (CTY),2596.00633,98722,47205,43081,83220
32,1218,2894.61801,Victoria (CTY),7115,CD,Victoria (CTY),2894.61801,7089,4437,3101,5945
33,1301,1561.43262,Saint John (CT),76550,CD,Saint John (CT),1561.43262,74020,36825,32852,60885
34,1302,3537.4947,Charlotte (CT),26549,CD,Charlotte (CT),3537.4947,25428,13513,11132,21165
35,1303,2751.43489,Sunbury (CT),27143,CD,Sunbury (CT),2751.43489,27644,11853,10898,21880
36,1304,3987.78702,Queens (CT),11086,CD,Queens (CT),3987.78702,10472,7289,4877,9075
37,1305,3681.18677,Kings (CT),69665,CD,Kings (CT),3681.18677,68941,29570,27027,56195
38,1306,1842.47549,Albert (CT),28846,CD,Albert (CT),1842.47549,29158,13111,12219,24385
39,1307,3730.88498,Westmorland (CT),144158,CD,Westmorland (CT),3730.88498,149623,71839,64038,122980
40,1308,4624.65296,Kent (CT),30833,CD,Kent (CT),4624.65296,30475,16251,13236,26020
41,1309,13040.19468,Northumberland (CT),46204,CD,Northumberland (CT),13040.19468,44952,21792,19362,37975
42,1310,8390.347,York (CT),97238,CD,York (CT),8390.347,99411,46855,42009,81865
43,1311,3353.83945,Carleton (CT),27019,CD,Carleton (CT),3353.83945,26220,11823,10765,21495
44,1312,5583.0148,Victoria (CT),19921,CD,Victoria (CT),5583.0148,18617,9178,8159,15550
45,1313,3494.94803,Madawaska (CT),33422,CD,Madawaska (CT),3494.94803,32741,15774,14505,27150
46,1314,8675.29468,Restigouche (CT),32594,CD,Restigouche (CT),8675.29468,30955,15259,13993,26230
47,1315,4795.582,Gloucester (CT),79943,CD,Gloucester (CT),4795.582,78444,38789,34701,67540
48,2401,238.56838,Les Îles-de-la-Madeleine (Tï¿½),12781,CD,Les Îles-de-la-Madeleine (Tï¿½),238.56838,12475,6477,5534,10790
49,2402,3092.78658,Le Rocher-Percé (MRC),17979,CD,Le Rocher-Percé (MRC),3092.78658,17282,8969,8022,15190
50,2403,4146.9808,La Côte-de-Gaspé (MRC),17985,CD,La Côte-de-Gaspé (MRC),4146.9808,17117,8648,7637,14455
51,2404,5092.29883,La Haute-Gaspésie (MRC),12088,CD,La Haute-Gaspésie (MRC),5092.29883,11316,6282,5270,9630
52,2405,4406.08023,Bonaventure (MRC),18000,CD,Bonaventure (MRC),4406.08023,17660,8744,7898,14990
53,2406,3575.06781,Avignon (MRC),15246,CD,Avignon (MRC),3575.06781,14461,7340,6570,11870
54,2407,5445.45639,La Matapédia (MRC),18573,CD,La Matapédia (MRC),5445.45639,17925,9142,8139,14780
55,2408,3338.82539,Matane (MRC),21786,CD,Matane (MRC),3338.82539,21301,11948,10178,17860
56,2409,2334.54738,La Mitis (MRC),18942,CD,La Mitis (MRC),2334.54738,18210,9692,8206,14680
57,2410,2790.54462,Rimouski-Neigette (MRC),55095,CD,Rimouski-Neigette (MRC),2790.54462,56650,28811,26113,46510
58,2411,1143.39074,Les Basques (MRC),9142,CD,Les Basques (MRC),1143.39074,8694,5185,4065,7200
59,2412,1296.60882,Rivière-du-Loup (MRC),34375,CD,Rivière-du-Loup (MRC),1296.60882,33958,17019,15155,27320
60,2413,4051.61442,Témiscouata (MRC),20572,CD,Témiscouata (MRC),4051.61442,19574,10778,8827,16205
61,2414,2272.30721,Kamouraska (MRC),21492,CD,Kamouraska (MRC),2272.30721,21073,10645,9150,17015
62,2415,2397.68517,Charlevoix-Est (MRC),16240,CD,Charlevoix-Est (MRC),2397.68517,15509,8707,6980,13055
63,2416,3867.52944,Charlevoix (MRC),13338,CD,Charlevoix (MRC),3867.52944,12997,7330,5781,10810
64,2417,2113.87453,L'Islet (MRC),18517,CD,L'Islet (MRC),2113.87453,17798,9924,8023,14755
65,2418,1710.04446,Montmagny (MRC),22877,CD,Montmagny (MRC),1710.04446,22698,12079,10421,18985
66,2419,1765.6323,Bellechasse (MRC),35318,CD,Bellechasse (MRC),1765.6323,37233,17740,15625,29665
67,2420,192.94887,L'Île-d'Orléans (MRC),6711,CD,L'Île-d'Orléans (MRC),192.94887,7082,3703,3040,5995
68,2421,5028.31803,La Côte-de-Beaupré (MRC),26172,CD,La Côte-de-Beaupré (MRC),5028.31803,28199,14244,11851,22585
69,2422,3337.69725,La Jacques-Cartier (MRC),36929,CD,La Jacques-Cartier (MRC),3337.69725,43485,18401,16332,32565
70,2423,557.38063,Québec (Tï¿½),551856,CD,Québec (Tï¿½),557.38063,569717,282180,267144,472060
71,2425,455.17739,Lévis (Tï¿½),138769,CD,Lévis (Tï¿½),455.17739,143414,62585,60779,115570
72,2426,915.11903,La Nouvelle-Beauce (MRC),35107,CD,La Nouvelle-Beauce (MRC),915.11903,36785,15501,14791,28710
73,2427,847.08485,Robert-Cliche (MRC),19288,CD,Robert-Cliche (MRC),847.08485,19125,8698,8002,15050
74,2428,1824.58861,Les Etchemins (MRC),17254,CD,Les Etchemins (MRC),1824.58861,16536,8764,7322,13605
75,2429,1976.08338,Beauce-Sartigan (MRC),51011,CD,Beauce-Sartigan (MRC),1976.08338,52406,24195,22861,41840
76,2430,2830.25466,Le Granit (MRC),22210,CD,Le Granit (MRC),2830.25466,21462,12478,9559,17630
77,2431,1984.52147,Les Appalaches (MRC),43120,CD,Les Appalaches (MRC),1984.52147,42346,22714,19669,34915
78,2432,1302.14335,L'Érable (MRC),23366,CD,L'Érable (MRC),1302.14335,23425,11315,10270,18880
79,2433,1667.551,Lotbinière (MRC),29617,CD,Lotbinière (MRC),1667.551,31741,14642,13352,25365
80,2434,4077.73181,Portneuf (MRC),49370,CD,Portneuf (MRC),4077.73181,53008,26586,23137,42825
81,2435,5602.74461,Mékinac (MRC),12924,CD,Mékinac (MRC),5602.74461,12358,8324,6013,10590
82,2436,803.89533,Shawinigan (Tï¿½),50060,CD,Shawinigan (Tï¿½),803.89533,49349,26953,24410,41565
83,2437,1178.64645,Francheville (CDR),149203,CD,Francheville (CDR),1178.64645,153030,76859,71357,125815
84,2438,1152.97439,Bécancour (MRC),20081,CD,Bécancour (MRC),1152.97439,20404,9947,9041,16595
85,2439,1911.08708,Arthabaska (MRC),69237,CD,Arthabaska (MRC),1911.08708,72014,33483,31447,57640
86,2440,792.02383,Les Sources (MRC),14756,CD,Les Sources (MRC),792.02383,14286,7226,6478,11505
87,2441,2300.30935,Le Haut-Saint-François (MRC),22065,CD,Le Haut-Saint-François (MRC),2300.30935,22335,11203,9581,18095
88,2442,1429.65358,Le Val-Saint-François (MRC),29654,CD,Le Val-Saint-François (MRC),1429.65358,30686,14359,13015,24580
89,2443,365.90834,Sherbrooke (Tï¿½),154601,CD,Sherbrooke (Tï¿½),365.90834,161323,80341,73506,130400
90,2444,1349.50308,Coaticook (MRC),18847,CD,Coaticook (MRC),1349.50308,18497,8747,7817,14780
91,2445,1377.69286,Memphrémagog (MRC),48551,CD,Memphrémagog (MRC),1377.69286,50415,30430,22919,42025
92,2446,1678.89253,Brome-Missisquoi (MRC),55621,CD,Brome-Missisquoi (MRC),1678.89253,58314,31470,25865,47555
93,2447,648.75581,La Haute-Yamaska (MRC),85042,CD,La Haute-Yamaska (MRC),648.75581,88306,40364,38826,71190
94,2448,582.67547,Acton (MRC),15381,CD,Acton (MRC),582.67547,15594,7101,6637,12570
95,2449,1626.05654,Drummond (MRC),98681,CD,Drummond (MRC),1626.05654,103397,47581,45334,82495
96,2450,1021.45956,Nicolet-Yamaska (MRC),22798,CD,Nicolet-Yamaska (MRC),1021.45956,23159,11045,10085,18670
97,2451,2493.19985,Maskinongé (MRC),36286,CD,Maskinongé (MRC),2493.19985,36316,19075,16452,30195
98,2452,1283.40303,D'Autray (MRC),41650,CD,D'Autray (MRC),1283.40303,42189,20768,18223,35000
99,2453,608.5711,Pierre-De Saurel (MRC),50900,CD,Pierre-De Saurel (MRC),608.5711,51025,25425,23793,42875
100,2454,1311.69424,Les Maskoutains (MRC),84248,CD,Les Maskoutains (MRC),1311.69424,87099,40244,38016,69520
101,2455,488.26993,Rouville (MRC),35690,CD,Rouville (MRC),488.26993,36536,15470,14939,28725
102,2456,943.59986,Le Haut-Richelieu (MRC),114344,CD,Le Haut-Richelieu (MRC),943.59986,117443,52461,50061,95125
103,2457,604.05732,La Vallée-du-Richelieu (MRC),116773,CD,La Vallée-du-Richelieu (MRC),604.05732,124420,49971,48748,98015
104,2458,283.20858,Longueuil (Tï¿½),399097,CD,Longueuil (Tï¿½),283.20858,415347,183008,175735,340195
105,2459,346.6117,Marguerite-D'Youville (MRC),74416,CD,Marguerite-D'Youville (MRC),346.6117,77550,30532,29942,61340
106,2460,259.27257,L'Assomption (MRC),119840,CD,L'Assomption (MRC),259.27257,124759,50828,49768,101370
107,2461,423.54916,Joliette (MRC),63551,CD,Joliette (MRC),423.54916,66550,30969,29703,53825
108,2462,10459.76578,Matawinie (MRC),49516,CD,Matawinie (MRC),10459.76578,50435,35858,23139,42830
109,2463,717.74053,Montcalm (MRC),48378,CD,Montcalm (MRC),717.74053,52596,23295,21608,42240
110,2464,262.03111,Les Moulins (MRC),148813,CD,Les Moulins (MRC),262.03111,158267,60944,59701,124750
111,2465,247.08643,Laval (Tï¿½),401553,CD,Laval (Tï¿½),247.08643,422993,165686,160328,337490
112,2466,499.897,Montréal (Tï¿½),1886481,CD,Montréal (Tï¿½),499.897,1942044,939112,870373,1591005
113,2467,426.33339,Roussillon (MRC),162187,CD,Roussillon (MRC),426.33339,171443,67868,66264,137210
114,2468,804.55347,Les Jardins-de-Napierville (MRC),26234,CD,Les Jardins-de-Napierville (MRC),804.55347,27870,11789,11205,22250
115,2469,1179.06874,Le Haut-Saint-Laurent (MRC),21197,CD,Le Haut-Saint-Laurent (MRC),1179.06874,22454,12016,9666,18575
116,2470,474.23361,Beauharnois-Salaberry (MRC),61950,CD,Beauharnois-Salaberry (MRC),474.23361,64320,30151,28865,52855
117,2471,861.64785,Vaudreuil-Soulanges (MRC),139353,CD,Vaudreuil-Soulanges (MRC),861.64785,149349,59474,57515,118110
118,2472,244.97777,Deux-Montagnes (MRC),95670,CD,Deux-Montagnes (MRC),244.97777,98203,40728,39748,79205
119,2473,207.61981,Thérèse-De Blainville (MRC),154144,CD,Thérèse-De Blainville (MRC),207.61981,157103,62218,60762,125715
120,2474,486.17064,Mirabel (Tï¿½),41957,CD,Mirabel (Tï¿½),486.17064,50513,20395,19631,39180
121,2475,465.98233,La Rivière-du-Nord (MRC),115165,CD,La Rivière-du-Nord (MRC),465.98233,128170,58580,55009,103060
122,2476,1328.36808,Argenteuil (MRC),32117,CD,Argenteuil (MRC),1328.36808,32389,19081,14789,27135
123,2477,734.32499,Les Pays-d'en-Haut (MRC),40331,CD,Les Pays-d'en-Haut (MRC),734.32499,41877,29723,20698,36415
124,2478,2675.60186,Les Laurentides (MRC),45157,CD,Les Laurentides (MRC),2675.60186,45902,36150,21972,38720
125,2479,16317.3884,Antoine-Labelle (MRC),35159,CD,Antoine-Labelle (MRC),16317.3884,35243,23399,16474,29580
126,2480,3208.05169,Papineau (MRC),22541,CD,Papineau (MRC),3208.05169,22832,15893,10401,19375
127,2481,381.39039,Gatineau (Tï¿½),265349,CD,Gatineau (Tï¿½),381.39039,276245,125608,118385,221340
128,2482,2195.74606,Les Collines-de-l'Outaouais (MRC),46393,CD,Les Collines-de-l'Outaouais (MRC),2195.74606,49094,23164,18756,39225
129,2483,14143.17636,La Vallée-de-la-Gatineau (MRC),20530,CD,La Vallée-de-la-Gatineau (MRC),14143.17636,20182,15363,9392,17145
130,2484,14136.33785,Pontiac (MRC),14358,CD,Pontiac (MRC),14136.33785,14251,10208,6203,11985
131,2485,19250.78559,Témiscamingue (MRC),16425,CD,Témiscamingue (MRC),19250.78559,15980,8992,7129,12960
132,2486,6483.32734,Rouyn-Noranda (Tï¿½),41012,CD,Rouyn-Noranda (Tï¿½),6483.32734,42334,20568,18851,34145
133,2487,3618.84655,Abitibi-Ouest (MRC),21003,CD,Abitibi-Ouest (MRC),3618.84655,20538,10053,9026,16535
134,2488,7940.80138,Abitibi (MRC),24354,CD,Abitibi (MRC),7940.80138,24639,11374,10529,19715
135,2489,27344.644,La Vallée-de-l'Or (MRC),42896,CD,La Vallée-de-l'Or (MRC),27344.644,43226,20224,19040,34735
136,2490,29649.51577,La Tuque (Tï¿½),15130,CD,La Tuque (Tï¿½),29649.51577,15059,8360,6377,11925
137,2491,19364.88786,Le Domaine-du-Roy (MRC),31870,CD,Le Domaine-du-Roy (MRC),19364.88786,31285,16549,13729,25395
138,2492,38264.67146,Maria-Chapdelaine (MRC),25279,CD,Maria-Chapdelaine (MRC),38264.67146,24793,11916,10805,19860
139,2493,3409.01411,Lac-Saint-Jean-Est (MRC),52520,CD,Lac-Saint-Jean-Est (MRC),3409.01411,52741,25450,22909,42650
140,2494,45216.42057,Le Saguenay-et-son-Fjord (CDR),165211,CD,Le Saguenay-et-son-Fjord (CDR),45216.42057,167549,81769,75351,138465
141,2495,12396.62767,La Haute-Côte-Nord (MRC),11546,CD,La Haute-Côte-Nord (MRC),12396.62767,10846,5708,4982,9255
142,2496,39872.84518,Manicouagan (MRC),32012,CD,Manicouagan (MRC),39872.84518,31027,14844,13738,25620
143,2497,111993.6336,Sept-Rivières--Caniapiscau (CDR),39500,CD,Sept-Rivières--Caniapiscau (CDR),111993.6336,39322,19307,16764,31285
144,2498,105021.1672,Minganie--Le Golfe-du-Saint-Laurent (CDR),11708,CD,Minganie--Le Golfe-du-Saint-Laurent (CDR),105021.1672,11323,5297,4462,9110
145,2499,852516.4797,Nord-du-Québec (CDR),42579,CD,Nord-du-Québec (CDR),852516.4797,44561,16179,13673,31640
146,3501,3324.11469,"Stormont, Dundas and Glengarry (UC)",111164,CD,"Stormont, Dundas and Glengarry (UC)",3324.11469,113429,50455,47829,93075
147,3502,2069.63745,Prescott and Russell (UC),85381,CD,Prescott and Russell (UC),2069.63745,89333,36783,35389,72270
148,3506,2892.07371,Ottawa (CDR),883391,CD,Ottawa (CDR),2892.07371,934243,395985,373756,761420
149,3507,3608.53066,Leeds and Grenville (UC),99306,CD,Leeds and Grenville (UC),3608.53066,100546,48226,42749,84770
150,3509,3198.09977,Lanark (CTY),65667,CD,Lanark (CTY),3198.09977,68698,32695,28580,56875
151,3510,4229.26416,Frontenac (CTY),149753,CD,Frontenac (CTY),4229.26416,150475,77155,64295,124720
152,3511,2976.80423,Lennox and Addington (CTY),41809,CD,Lennox and Addington (CTY),2976.80423,42888,19684,17053,34755
153,3512,6337.62419,Hastings (CTY),134934,CD,Hastings (CTY),6337.62419,136445,65136,57017,112650
154,3513,1075.714,Prince Edward (CDR),25258,CD,Prince Edward (CDR),1075.714,24735,12899,10728,21270
155,3514,1990.81677,Northumberland (CTY),82126,CD,Northumberland (CTY),1990.81677,85598,39032,35686,72040
156,3515,4212.72068,Peterborough (CTY),134928,CD,Peterborough (CTY),4212.72068,138236,70551,57743,115245
157,3516,3335.10993,Kawartha Lakes (CDR),73219,CD,Kawartha Lakes (CDR),3335.10993,75423,38444,31106,63510
158,3518,2621.7374,Durham (RM),608124,CD,Durham (RM),2621.7374,645862,233936,227906,523485
159,3519,2097.55376,York (RM),1032524,CD,York (RM),2097.55376,1109909,369928,357084,905545
160,3520,634.43388,Toronto (CDR),2615060,CD,Toronto (CDR),634.43388,2731571,1179057,1112929,2294790
161,3521,1256.39131,Peel (RM),1296809,CD,Peel (RM),1256.39131,1381739,443918,430180,1119400
162,3522,1497.23791,Dufferin (CTY),56881,CD,Dufferin (CTY),1497.23791,61735,22889,21918,49435
163,3523,2699.85005,Wellington (CTY),208360,CD,Wellington (CTY),2699.85005,222726,90846,85281,180355
164,3524,970.08276,Halton (RM),501674,CD,Halton (RM),970.08276,548435,198164,192977,433845
165,3525,1148.04521,Hamilton (CDR),519949,CD,Hamilton (CDR),1148.04521,536917,222918,211596,441055
166,3526,1883.82894,Niagara (RM),431346,CD,Niagara (RM),1883.82894,447888,196241,183828,371560
167,3528,2921.12259,Haldimand-Norfolk (CDR),109118,CD,Haldimand-Norfolk (CDR),2921.12259,109787,48249,43559,90160
168,3529,1106.37275,Brant (CDR),136035,CD,Brant (CDR),1106.37275,134808,54626,52722,108525
169,3530,1385.33684,Waterloo (RM),507096,CD,Waterloo (RM),1385.33684,535154,214299,203832,432125
170,3531,2224.26375,Perth (CTY),75112,CD,Perth (CTY),2224.26375,76796,31747,30713,61425
171,3532,2051.98961,Oxford (CTY),105719,CD,Oxford (CTY),2051.98961,110862,45350,44266,89450
172,3534,1887.24282,Elgin (CTY),87461,CD,Elgin (CTY),1887.24282,88978,36613,34995,70935
173,3536,2487.64299,Chatham-Kent (CDR),104075,CD,Chatham-Kent (CDR),2487.64299,102042,46287,43174,83060
174,3537,1868.69299,Essex (CTY),388782,CD,Essex (CTY),1868.69299,398953,168569,159053,324325
175,3538,3036.49749,Lambton (CTY),126199,CD,Lambton (CTY),3036.49749,126638,59777,54481,105015
176,3539,3335.93054,Middlesex (CTY),439151,CD,Middlesex (CTY),3335.93054,455526,203349,190045,373875
177,3540,3418.36028,Huron (CTY),59100,CD,Huron (CTY),3418.36028,59297,28369,24194,47870
178,3541,4153.50575,Bruce (CTY),66102,CD,Bruce (CTY),4153.50575,68147,41183,28866,55970
179,3542,4549.58378,Grey (CTY),92568,CD,Grey (CTY),4549.58378,93830,47560,39563,77895
180,3543,5332.70199,Simcoe (CTY),446063,CD,Simcoe (CTY),5332.70199,479650,206549,183536,392185
181,3544,4527.90075,Muskoka (DM),58017,CD,Muskoka (DM),4527.90075,60599,46207,25431,50765
182,3546,4559.78767,Haliburton (CTY),17056,CD,Haliburton (CTY),4559.78767,18062,21113,8443,16070
183,3547,8059.04548,Renfrew (CTY),101326,CD,Renfrew (CTY),8059.04548,102394,49860,42779,82830
184,3548,19571.74354,Nipissing (DIS),84736,CD,Nipissing (DIS),19571.74354,83150,41200,36050,68990
185,3549,10288.88426,Parry Sound (DIS),42162,CD,Parry Sound (DIS),10288.88426,42824,35226,18679,36460
186,3551,3374.78274,Manitoulin (DIS),13048,CD,Manitoulin (DIS),3374.78274,13255,9537,5748,10845
187,3552,43988.4152,Sudbury (DIS),21196,CD,Sudbury (DIS),43988.4152,21546,12557,9375,18325
188,3553,3633.00647,Greater Sudbury (CDR),160376,CD,Greater Sudbury (CDR),3633.00647,161647,75103,69200,133730
189,3554,14370.60505,Timiskaming (DIS),32634,CD,Timiskaming (DIS),14370.60505,32251,16862,14395,26765
190,3556,145707.4322,Cochrane (DIS),81122,CD,Cochrane (DIS),145707.4322,79682,37974,34012,64990
191,3557,52346.84202,Algoma (DIS),115870,CD,Algoma (DIS),52346.84202,114094,60324,51071,96055
192,3558,119028.7556,Thunder Bay (DIS),146057,CD,Thunder Bay (DIS),119028.7556,146048,72551,62999,121265
193,3559,18663.0008,Rainy River (DIS),20370,CD,Rainy River (DIS),18663.0008,20110,11217,8432,16245
194,3560,444782.942,Kenora (DIS),57607,CD,Kenora (DIS),444782.942,65533,31191,23931,50235
195,4601,15581.61591,Division No.  1 (CDR),17331,CD,Division No.  1 (CDR),15581.61591,18534,17236,8080,15240
196,4602,4442.718,Division No.  2 (CDR),66045,CD,Division No.  2 (CDR),4442.718,75571,26604,25466,55645
197,4603,5310.97078,Division No.  3 (CDR),50679,CD,Division No.  3 (CDR),5310.97078,54796,19419,18719,39890
198,4604,4646.55839,Division No.  4 (CDR),9989,CD,Division No.  4 (CDR),4646.55839,9986,4206,3702,7125
199,4605,8476.30935,Division No.  5 (CDR),12922,CD,Division No.  5 (CDR),8476.30935,13176,6945,5442,10175
200,4606,4073.05184,Division No.  6 (CDR),10025,CD,Division No.  6 (CDR),4073.05184,10317,4703,4102,7880
201,4607,6379.1691,Division No.  7 (CDR),65084,CD,Division No.  7 (CDR),6379.1691,68746,29333,27632,52875
202,4608,5901.40607,Division No.  8 (CDR),13444,CD,Division No.  8 (CDR),5901.40607,13968,5008,4638,9530
203,4609,3085.23156,Division No.  9 (CDR),23489,CD,Division No.  9 (CDR),3085.23156,24391,9807,9169,17615
204,4610,1925.41361,Division No. 10 (CDR),10673,CD,Division No. 10 (CDR),1925.41361,11941,3786,3678,8310
205,4611,583.4318,Division No. 11 (CDR),666832,CD,Division No. 11 (CDR),583.4318,708823,295343,282116,574035
206,4612,1862.26153,Division No. 12 (CDR),21830,CD,Division No. 12 (CDR),1862.26153,23683,9300,8875,18995
207,4613,1830.92376,Division No. 13 (CDR),46888,CD,Division No. 13 (CDR),1830.92376,49086,20847,18426,40130
208,4614,2897.053,Division No. 14 (CDR),18497,CD,Division No. 14 (CDR),2897.053,18621,6967,6652,13945
209,4615,8973.12229,Division No. 15 (CDR),20837,CD,Division No. 15 (CDR),8973.12229,21379,10696,8564,16470
210,4616,4932.07087,Division No. 16 (CDR),9928,CD,Division No. 16 (CDR),4932.07087,9848,4986,4121,7740
211,4617,14497.91781,Division No. 17 (CDR),22208,CD,Division No. 17 (CDR),14497.91781,22205,11646,9459,17255
212,4618,15482.69681,Division No. 18 (CDR),23469,CD,Division No. 18 (CDR),15482.69681,24036,15528,10038,19295
213,4619,85991.32245,Division No. 19 (CDR),17240,CD,Division No. 19 (CDR),85991.32245,16518,7984,4817,11155
214,4620,10136.68009,Division No. 20 (CDR),9952,CD,Division No. 20 (CDR),10136.68009,9621,4919,4177,7765
215,4621,61692.80905,Division No. 21 (CDR),21393,CD,Division No. 21 (CDR),61692.80905,21983,9162,7863,16215
216,4622,107943.904,Division No. 22 (CDR),40923,CD,Division No. 22 (CDR),107943.904,42165,12356,10891,28030
217,4623,272983.9444,Division No. 23 (CDR),8590,CD,Division No. 23 (CDR),272983.9444,8971,2967,2423,5995
218,4701,15388.51986,Division No.  1 (CDR),31333,CD,Division No.  1 (CDR),15388.51986,31766,15738,12890,24990
219,4702,17309.12307,Division No.  2 (CDR),22266,CD,Division No.  2 (CDR),17309.12307,22825,10741,9389,17830
220,4703,18983.8094,Division No.  3 (CDR),12691,CD,Division No.  3 (CDR),18983.8094,12610,6173,5358,9935
221,4704,21716.98174,Division No.  4 (CDR),10879,CD,Division No.  4 (CDR),21716.98174,10854,5262,4181,7765
222,4705,15119.61235,Division No.  5 (CDR),32007,CD,Division No.  5 (CDR),15119.61235,31750,15738,13560,25295
223,4706,18023.99087,Division No.  6 (CDR),237746,CD,Division No.  6 (CDR),18023.99087,262837,116531,105686,209470
224,4707,20009.62139,Division No.  7 (CDR),46648,CD,Division No.  7 (CDR),20009.62139,47195,22895,19760,37050
225,4708,22877.41515,Division No.  8 (CDR),29962,CD,Division No.  8 (CDR),22877.41515,30718,14534,12759,23860
226,4709,15666.17001,Division No.  9 (CDR),35314,CD,Division No.  9 (CDR),15666.17001,35634,18041,15297,28490
227,4710,13142.58381,Division No. 10 (CDR),17546,CD,Division No. 10 (CDR),13142.58381,16563,8427,6980,12975
228,4711,17427.82615,Division No. 11 (CDR),271170,CD,Division No. 11 (CDR),17427.82615,303423,129632,119128,240010
229,4712,14378.13535,Division No. 12 (CDR),23228,CD,Division No. 12 (CDR),14378.13535,23986,10076,9226,18245
230,4713,18172.21015,Division No. 13 (CDR),23089,CD,Division No. 13 (CDR),18172.21015,23224,10510,9107,17650
231,4714,34853.39759,Division No. 14 (CDR),37195,CD,Division No. 14 (CDR),34853.39759,36096,18261,15225,28780
232,4715,20716.32473,Division No. 15 (CDR),83725,CD,Division No. 15 (CDR),20716.32473,85908,38751,32232,65125
233,4716,23468.87193,Division No. 16 (CDR),37845,CD,Division No. 16 (CDR),23468.87193,37999,18762,14663,28845
234,4717,23765.53619,Division No. 17 (CDR),44180,CD,Division No. 17 (CDR),23765.53619,47900,22846,16947,35645
235,4718,321365.1735,Division No. 18 (CDR),36557,CD,Division No. 18 (CDR),321365.1735,37064,12664,10234,25295
236,4801,21051.82561,Division No.  1 (CDR),78694,CD,Division No.  1 (CDR),21051.82561,82627,35331,33230,64455
237,4802,18176.46418,Division No.  2 (CDR),156536,CD,Division No.  2 (CDR),18176.46418,169729,66991,62823,128390
238,4803,14033.47986,Division No.  3 (CDR),38566,CD,Division No.  3 (CDR),14033.47986,38956,15405,13378,28160
239,4804,22257.98006,Division No.  4 (CDR),10078,CD,Division No.  4 (CDR),22257.98006,9573,4174,3739,7155
240,4805,17127.87179,Division No.  5 (CDR),53263,CD,Division No.  5 (CDR),17127.87179,55708,22044,20020,40575
241,4806,12884.40171,Division No.  6 (CDR),1311022,CD,Division No.  6 (CDR),12884.40171,1498778,586269,558912,1197300
242,4807,20040.15186,Division No.  7 (CDR),40232,CD,Division No.  7 (CDR),20040.15186,41574,18246,16009,31310
243,4808,10291.79484,Division No.  8 (CDR),189243,CD,Division No.  8 (CDR),10291.79484,209395,88994,80649,163655
244,4809,19056.67629,Division No.  9 (CDR),21290,CD,Division No.  9 (CDR),19056.67629,20869,9210,7933,16205
245,4810,21590.47924,Division No. 10 (CDR),93039,CD,Division No. 10 (CDR),21590.47924,97449,42796,38242,75525
246,4811,16456.93606,Division No. 11 (CDR),1203115,CD,Division No. 11 (CDR),16456.93606,1366050,557547,518951,1089035
247,4812,34477.42389,Division No. 12 (CDR),63427,CD,Division No. 12 (CDR),34477.42389,67120,30281,24500,51145
248,4813,25147.50329,Division No. 13 (CDR),68919,CD,Division No. 13 (CDR),25147.50329,71016,34788,27840,56140
249,4814,27265.32576,Division No. 14 (CDR),28584,CD,Division No. 14 (CDR),27265.32576,29291,13153,11598,23325
250,4815,28654.70418,Division No. 15 (CDR),35983,CD,Division No. 15 (CDR),28654.70418,38594,17542,13900,28830
251,4816,102898.9195,Division No. 16 (CDR),67516,CD,Division No. 16 (CDR),102898.9195,73988,31535,26338,58865
252,4817,197405.249,Division No. 17 (CDR),61504,CD,Division No. 17 (CDR),197405.249,61590,23895,19747,43715
253,4818,33497.73608,Division No. 18 (CDR),14534,CD,Division No. 18 (CDR),33497.73608,14488,6590,5320,11010
254,4819,20935.90573,Division No. 19 (CDR),109712,CD,Division No. 19 (CDR),20935.90573,120380,49338,44549,91270
255,5901,27849.75709,East Kootenay (RD),56685,CD,East Kootenay (RD),27849.75709,60439,34197,25863,49620
256,5903,23144.08242,Central Kootenay (RD),58441,CD,Central Kootenay (RD),23144.08242,59517,30726,27016,49955
257,5905,8152.33405,Kootenay Boundary (RD),31138,CD,Kootenay Boundary (RD),8152.33405,31447,18321,14339,26385
258,5907,10590.63123,Okanagan-Similkameen (RD),80742,CD,Okanagan-Similkameen (RD),10590.63123,83022,42894,37673,70910
259,5909,13902.28836,Fraser Valley (RD),277593,CD,Fraser Valley (RD),13902.28836,295934,116080,108393,235305
260,5915,3040.41532,Greater Vancouver (RD),2313328,CD,Greater Vancouver (RD),3040.41532,2463431,1027613,960894,2064585
261,5917,2367.24368,Capital (RD),359991,CD,Capital (RD),2367.24368,383360,183562,170157,323105
262,5919,3577.5503,Cowichan Valley (RD),80332,CD,Cowichan Valley (RD),3577.5503,83739,37919,35272,69625
263,5921,2072.4487,Nanaimo (RD),146574,CD,Nanaimo (RD),2072.4487,155698,73622,68904,131685
264,5923,6884.06625,Alberni-Clayoquot (RD),31061,CD,Alberni-Clayoquot (RD),6884.06625,30981,15490,13654,25545
265,5924,18653.88307,Strathcona (RD),43252,CD,Strathcona (RD),18653.88307,44671,21681,19610,37110
266,5926,1738.84519,Comox Valley (RD),63538,CD,Comox Valley (RD),1738.84519,66527,32076,29573,56185
267,5927,5316.84368,Powell River (RD),19906,CD,Powell River (RD),5316.84368,20070,11400,9412,17080
268,5929,3832.43389,Sunshine Coast (RD),28619,CD,Sunshine Coast (RD),3832.43389,29970,17379,13995,25860
269,5931,16637.4501,Squamish-Lillooet (RD),38173,CD,Squamish-Lillooet (RD),16637.4501,42665,23965,16416,34240
270,5933,45521.44027,Thompson-Nicola (RD),128471,CD,Thompson-Nicola (RD),45521.44027,132663,62157,55504,109195
271,5935,3144.90019,Central Okanagan (RD),179839,CD,Central Okanagan (RD),3144.90019,194882,88374,81383,163005
272,5937,7716.90837,North Okanagan (RD),81237,CD,North Okanagan (RD),7716.90837,84354,39970,35875,70225
273,5939,30033.26674,Columbia-Shuswap (RD),50512,CD,Columbia-Shuswap (RD),30033.26674,51366,29798,22454,43165
274,5941,82960.86148,Cariboo (RD),62392,CD,Cariboo (RD),82960.86148,61988,31680,26699,51490
275,5943,20763.70034,Mount Waddington (RD),11506,CD,Mount Waddington (RD),20763.70034,11035,5963,4850,8875
276,5945,25112.57403,Central Coast (RD),3206,CD,Central Coast (RD),25112.57403,3319,1531,1284,2625
277,5947,20391.79288,Skeena-Queen Charlotte (RD),18784,CD,Skeena-Queen Charlotte (RD),20391.79288,18133,8911,7413,14625
278,5949,106516.3421,Kitimat-Stikine (RD),37361,CD,Kitimat-Stikine (RD),106516.3421,37367,16922,14822,30065
279,5951,78194.40016,Bulkley-Nechako (RD),39208,CD,Bulkley-Nechako (RD),78194.40016,37896,17564,15101,30175
280,5953,52080.24428,Fraser-Fort George (RD),91879,CD,Fraser-Fort George (RD),52080.24428,94506,41666,38600,76555
281,5955,119860.8911,Peace River (RD),60082,CD,Peace River (RD),119860.8911,62942,28746,24264,48325
282,5957,121827.2366,Stikine (REG),629,CD,Stikine (REG),121827.2366,740,617,367,645
283,5959,86405.35946,Northern Rockies (RD),5578,CD,Northern Rockies (RD),86405.35946,5393,2593,2182,4175
284,6001,483867.2021,Yukon (TER),33897,CD,Yukon (TER),483867.2021,35874,17987,15215,28890
285,6101,394979.1951,Region 1 (REG),6712,CD,Region 1 (REG),394979.1951,6372,2741,2248,4680
286,6102,267883.5319,Region 2 (REG),2341,CD,Region 2 (REG),267883.5319,2433,1111,858,1860
287,6103,34137.55818,Region 3 (REG),2812,CD,Region 3 (REG),34137.55818,2751,861,705,1940
288,6104,208172.7474,Region 4 (REG),3256,CD,Region 4 (REG),208172.7474,3160,1495,1138,2510
289,6105,205590.1816,Region 5 (REG),6616,CD,Region 5 (REG),205590.1816,6980,3199,2692,5490
290,6106,239262.1419,Region 6 (REG),19725,CD,Region 6 (REG),239262.1419,20090,8259,7340,15845
291,6204,1041182.797,Baffin (REG),16939,CD,Baffin (REG),1041182.797,18988,6556,5525,12840
292,6205,539971.0306,Keewatin (REG),8955,CD,Keewatin (REG),539971.0306,10413,3007,2631,6765
293,6208,513095.1268,Kitikmeot (REG),6012,CD,Kitikmeot (REG),513095.1268,6543,1870,1663,4325